,0,1,2,3,4
0,1,-1,1,1,-1
1,4,-1,1,1,1
2,3,-1,1,1,-1
3,3,-1,-1,1,1
4,4,-1,-1,1,1
5,4,1,1,1,-1
6,4,-1,-1,1,1
7,1,-1,-1,1,1
8,-1,-1,-1,1,1
9,-1,-1,1,1,1
10,1,-1,1,-1,1
11,3,-1,-1,1,1
12,-1,-1,-1,1,1
13,-1,-1,1,1,1
14,1,-1,1,1,1
15,3,-1,-1,1,1
16,-1,-1,1,1,1
17,4,-1,-1,1,1
18,4,1,1,1,-1
19,4,-1,1,1,1
20,4,-1,1,-1,1
21,4,-1,-1,1,1
22,4,-1,1,-1,1
23,3,-1,-1,1,1
24,4,1,1,-1,1
25,0,-1,1,1,1
26,4,-1,-1,1,1
27,4,-1,1,1,1
28,-1,-1,-1,-1,1
29,-1,-1,1,1,1
30,-1,-1,1,-1,1
31,4,-1,-1,1,1
32,-1,-1,-1,-1,1
33,5,-1,1,-1,1
34,3,-1,1,1,-1
35,2,-1,1,1,-1
36,0,1,1,-1,1
37,2,-1,1,1,-1
38,3,-1,1,1,1
39,3,-1,1,1,1
40,-1,-1,1,1,1
41,-1,-1,1,1,1
42,4,-1,-1,1,1
43,4,-1,-1,1,1
44,2,1,1,1,-1
45,4,-1,1,1,1
46,-1,-1,-1,1,1
47,4,-1,1,1,1
48,-1,-1,1,1,1
49,-1,-1,-1,1,1
50,2,-1,1,1,-1
51,4,-1,1,1,1
52,5,1,1,-1,-1
53,4,-1,1,1,1
54,4,-1,1,1,-1
55,3,-1,1,1,1
56,-1,-1,1,1,1
57,3,1,1,1,-1
58,2,1,1,1,-1
59,1,-1,-1,1,1
60,-1,-1,1,1,1
61,1,-1,1,1,1
62,0,-1,1,1,1
63,-1,-1,-1,1,1
64,-1,1,-1,1,1
65,4,-1,1,1,-1
66,3,-1,1,1,1
67,2,1,1,1,-1
68,5,-1,-1,-1,1
69,2,1,1,1,-1
70,4,1,1,1,-1
71,3,-1,1,1,-1
72,1,-1,1,1,-1
73,4,-1,1,1,1
74,3,1,1,1,-1
75,4,1,1,1,-1
76,4,-1,1,1,-1
77,3,-1,1,1,-1
78,3,-1,-1,1,1
79,-1,-1,-1,1,1
80,2,-1,1,1,-1
81,3,1,-1,-1,1
82,4,-1,-1,1,1
83,1,-1,1,-1,1
84,4,-1,-1,1,1
85,-1,-1,-1,1,1
86,-1,-1,1,-1,1
87,4,-1,1,1,1
88,4,1,1,1,-1
89,-1,-1,-1,-1,1
90,-1,-1,-1,1,1
91,3,-1,1,1,1
92,4,-1,1,1,1
93,3,-1,1,1,1
94,4,-1,1,1,1
95,-1,-1,-1,1,1
96,4,-1,-1,1,1
97,-1,-1,1,1,1
98,4,-1,1,1,1
99,1,-1,1,1,-1
100,2,1,1,1,-1
101,1,-1,1,1,1
102,-1,-1,-1,-1,1
103,5,1,1,-1,-1
104,-1,-1,-1,1,1
105,-1,-1,-1,1,1
106,0,-1,-1,1,1
107,-1,-1,1,1,1
108,3,-1,1,1,1
109,4,-1,1,1,1
110,4,-1,1,1,1
111,1,1,1,1,-1
112,1,1,1,1,-1
113,4,-1,-1,1,1
114,4,-1,1,1,1
115,-1,-1,-1,-1,1
116,4,-1,-1,1,1
117,3,-1,-1,1,1
118,4,-1,1,-1,1
119,4,1,1,1,-1
120,1,-1,1,1,1
121,1,-1,1,1,-1
122,-1,-1,-1,1,1
123,3,-1,-1,1,1
124,3,-1,1,1,1
125,1,-1,-1,1,1
126,3,-1,1,1,-1
127,-1,-1,1,1,1
128,1,-1,-1,1,1
129,2,-1,1,1,-1
130,4,-1,1,1,1
131,1,-1,1,1,1
132,-1,-1,1,-1,1
133,4,-1,1,1,-1
134,1,-1,-1,1,1
135,0,-1,1,-1,1
136,3,-1,-1,1,1
137,-1,-1,-1,1,1
138,3,-1,-1,1,1
139,-1,-1,-1,1,1
140,4,-1,1,1,1
141,-1,-1,-1,-1,1
142,2,-1,1,1,-1
143,0,-1,-1,-1,1
144,4,-1,-1,1,1
145,5,-1,1,-1,1
146,4,-1,1,1,1
147,1,-1,1,1,1
148,3,-1,-1,1,1
149,1,-1,1,1,-1
150,5,1,1,-1,-1
151,2,-1,1,1,-1
152,4,-1,-1,1,1
153,4,-1,1,1,-1
154,4,-1,-1,1,1
155,3,-1,1,-1,1
156,5,-1,1,-1,-1
157,4,-1,-1,1,1
158,5,-1,-1,1,1
159,2,-1,1,1,-1
160,-1,-1,1,1,1
161,3,-1,1,1,-1
162,4,-1,-1,1,1
163,4,-1,1,-1,1
164,4,-1,1,-1,1
165,4,-1,1,1,1
166,-1,-1,-1,-1,1
167,-1,-1,1,1,1
168,3,-1,1,-1,1
169,3,1,1,1,-1
170,-1,-1,1,1,1
171,1,-1,-1,1,1
172,4,-1,1,-1,1
173,3,1,1,1,-1
174,3,-1,-1,1,1
175,4,1,1,1,1
176,3,-1,1,1,-1
177,4,1,1,1,-1
178,3,-1,1,1,-1
179,-1,-1,1,1,1
180,4,-1,1,1,1
181,4,-1,-1,1,1
182,3,-1,1,1,-1
183,3,-1,1,1,1
184,1,-1,1,1,1
185,0,-1,-1,1,1
186,4,-1,-1,1,1
187,4,-1,1,1,-1
188,4,-1,-1,1,1
189,3,-1,-1,1,1
190,-1,-1,1,1,1
191,3,-1,1,1,1
192,4,-1,1,1,-1
193,3,-1,1,1,1
194,-1,-1,-1,-1,1
195,1,-1,1,1,1
196,4,-1,1,1,1
197,3,-1,-1,1,1
198,2,1,1,1,-1
199,1,-1,-1,1,1
200,3,-1,1,1,1
201,4,-1,-1,1,1
202,4,1,1,1,-1
203,3,-1,1,1,1
204,1,-1,1,-1,1
205,3,-1,1,-1,1
206,3,1,1,1,-1
207,3,-1,1,1,-1
208,5,-1,1,-1,1
209,-1,-1,1,1,1
210,2,-1,1,1,-1
211,3,-1,1,1,1
212,-1,-1,-1,1,1
213,3,1,1,1,-1
214,3,-1,-1,1,1
215,3,-1,1,1,1
216,4,1,1,1,-1
217,-1,-1,1,-1,1
218,3,-1,1,1,-1
219,3,-1,1,-1,1
220,4,-1,1,1,1
221,3,-1,-1,-1,1
222,-1,-1,-1,1,1
223,-1,-1,1,1,1
224,3,-1,-1,1,1
225,2,-1,1,1,-1
226,3,-1,1,1,-1
227,3,-1,1,1,1
228,-1,-1,1,1,1
229,4,1,1,1,-1
230,-1,-1,1,1,1
231,1,-1,1,1,1
232,3,1,1,1,1
233,3,-1,-1,1,1
234,2,-1,1,1,-1
235,4,-1,-1,1,1
236,3,-1,1,1,1
237,3,-1,1,1,1
238,4,-1,1,1,1
239,4,-1,1,1,1
240,3,-1,-1,1,1
241,4,1,1,1,-1
242,4,-1,-1,1,1
243,-1,-1,-1,1,1
244,3,-1,1,1,-1
245,1,-1,1,1,1
246,2,-1,1,1,-1
247,-1,-1,-1,1,1
248,4,-1,-1,1,1
249,1,-1,1,1,1
250,3,-1,-1,1,1
251,3,-1,-1,1,1
252,4,-1,-1,1,1
253,1,-1,-1,1,1
254,3,-1,1,1,1
255,4,-1,1,1,-1
256,1,-1,1,1,1
257,-1,-1,-1,-1,1
258,3,1,1,1,-1
259,-1,-1,1,-1,1
260,3,-1,-1,1,1
261,3,-1,1,-1,1
262,-1,-1,1,1,1
263,-1,-1,1,1,1
264,1,-1,1,1,1
265,4,-1,1,1,1
266,-1,-1,1,1,1
267,4,-1,-1,1,1
268,-1,-1,1,1,1
269,-1,-1,1,1,1
270,3,1,1,1,-1
271,1,-1,1,-1,1
272,3,-1,-1,-1,1
273,1,-1,1,-1,1
274,4,-1,1,1,-1
275,3,-1,-1,1,1
276,2,-1,1,1,-1
277,3,-1,-1,1,1
278,4,-1,-1,1,1
279,4,-1,1,-1,1
280,2,1,1,1,-1
281,1,-1,1,1,1
282,4,-1,-1,1,1
283,-1,-1,1,1,1
284,-1,1,-1,-1,1
285,4,-1,1,1,-1
286,3,-1,1,1,1
287,3,-1,1,1,1
288,4,1,1,1,-1
289,-1,-1,1,1,1
290,4,1,1,1,-1
291,-1,-1,-1,1,1
292,-1,-1,1,1,1
293,3,-1,1,1,1
294,4,-1,1,1,1
295,-1,-1,-1,1,1
296,3,-1,1,1,-1
297,-1,-1,1,1,1
298,1,-1,1,1,1
299,-1,-1,-1,1,1
300,3,-1,1,1,1
301,3,1,-1,1,1
302,-1,-1,-1,1,1
303,2,1,1,1,-1
304,1,-1,1,1,1
305,4,-1,1,1,1
306,1,-1,1,1,1
307,3,-1,1,1,1
308,4,-1,1,1,1
309,-1,-1,-1,1,1
310,4,-1,-1,1,1
311,3,-1,1,1,-1
312,1,1,1,1,-1
313,1,-1,1,1,1
314,3,-1,1,1,1
315,1,-1,-1,1,1
316,4,-1,1,1,1
317,1,-1,1,1,1
318,4,-1,1,1,1
319,-1,-1,1,1,1
320,-1,-1,1,1,1
321,4,-1,-1,1,1
322,2,1,1,1,-1
323,-1,-1,1,-1,1
324,1,-1,1,1,1
325,-1,-1,1,1,1
326,-1,-1,-1,-1,1
327,1,-1,1,1,1
328,4,-1,1,1,1
329,4,-1,1,1,1
330,4,1,-1,1,1
331,4,-1,-1,1,1
332,4,-1,-1,1,1
333,3,-1,1,-1,1
334,-1,-1,1,-1,1
335,1,-1,1,1,1
336,3,-1,-1,1,1
337,-1,-1,1,1,1
338,4,-1,1,1,1
339,4,-1,1,1,-1
340,-1,-1,1,-1,1
341,4,1,1,1,-1
342,4,-1,1,1,1
343,4,-1,-1,1,1
344,3,-1,1,1,-1
345,4,-1,1,1,1
346,4,-1,-1,1,1
347,4,-1,1,1,-1
348,-1,-1,1,1,1
349,3,1,1,1,-1
350,3,-1,1,1,-1
351,3,-1,1,1,1
352,1,-1,1,-1,1
353,5,1,1,-1,-1
354,4,-1,-1,1,1
355,4,-1,1,1,1
356,1,-1,-1,1,1
357,2,-1,1,1,-1
358,1,-1,1,1,1
359,3,1,-1,1,1
360,2,1,1,1,-1
361,3,-1,-1,1,1
362,-1,-1,-1,-1,1
363,4,-1,1,1,1
364,4,-1,1,1,1
365,-1,-1,1,1,1
366,-1,-1,-1,1,1
367,1,-1,1,-1,1
368,3,1,1,-1,1
369,4,-1,1,1,1
370,3,-1,1,1,-1
371,0,-1,-1,-1,1
372,-1,-1,-1,1,1
373,-1,-1,1,-1,1
374,-1,-1,1,1,1
375,-1,-1,-1,1,1
376,3,-1,-1,1,1
377,3,1,1,1,-1
378,1,-1,1,1,1
379,4,-1,-1,1,1
380,3,-1,1,1,1
381,3,-1,1,1,1
382,4,-1,-1,1,1
383,3,-1,1,1,-1
384,5,1,-1,-1,1
385,3,-1,-1,1,1
386,0,-1,-1,-1,1
387,3,-1,1,1,-1
388,3,-1,1,1,1
389,4,-1,1,1,-1
390,3,-1,1,1,1
391,3,-1,1,1,1
392,-1,-1,1,1,1
393,5,-1,-1,-1,1
394,1,-1,1,1,-1
395,2,-1,1,1,-1
396,3,1,1,1,-1
397,-1,-1,-1,1,1
398,1,-1,1,1,1
399,-1,-1,-1,1,1
400,1,-1,1,-1,1
401,1,-1,-1,1,1
402,4,-1,-1,1,1
403,1,-1,1,1,1
404,2,-1,1,1,-1
405,3,-1,-1,1,1
406,-1,-1,1,1,1
407,2,-1,1,1,-1
408,4,-1,-1,1,1
409,4,-1,1,1,1
410,-1,-1,1,1,1
411,4,-1,1,1,-1
412,-1,1,1,1,1
413,1,-1,1,1,1
414,0,-1,-1,-1,1
415,-1,-1,-1,1,1
416,1,-1,-1,1,1
417,5,-1,-1,-1,1
418,-1,-1,1,1,1
419,1,-1,1,1,-1
420,4,-1,-1,1,1
421,1,-1,-1,1,1
422,-1,-1,-1,1,1
423,3,-1,1,1,1
424,1,-1,1,1,1
425,3,-1,1,1,1
426,-1,-1,-1,1,1
427,4,-1,-1,1,1
428,-1,-1,-1,1,1
429,4,-1,-1,1,1
430,-1,-1,1,1,1
431,3,-1,1,1,1
432,4,1,-1,1,1
433,3,-1,-1,1,1
434,4,-1,-1,1,1
435,-1,-1,1,1,1
436,-1,-1,-1,1,1
437,1,1,1,1,-1
438,1,-1,1,1,1
439,-1,-1,-1,1,1
440,3,-1,1,1,1
441,-1,-1,1,-1,1
442,4,-1,1,1,1
443,4,-1,1,1,1
444,4,-1,-1,1,1
445,-1,-1,1,-1,1
446,2,1,1,1,-1
447,3,-1,-1,1,1
448,1,-1,-1,-1,1
449,-1,1,-1,1,1
450,1,1,1,1,-1
451,4,-1,1,1,1
452,1,1,1,1,-1
453,3,-1,1,1,-1
454,4,-1,1,1,1
455,0,-1,-1,1,1
456,2,-1,1,1,-1
457,2,1,1,1,-1
458,4,-1,1,1,-1
459,1,-1,-1,1,1
460,4,-1,1,1,-1
461,3,-1,1,1,1
462,3,-1,1,1,1
463,4,-1,1,1,1
464,-1,-1,1,1,1
465,3,-1,-1,1,1
466,-1,-1,-1,1,1
467,4,1,1,1,-1
468,1,-1,-1,-1,1
469,2,1,1,1,-1
470,4,-1,-1,1,1
471,4,1,1,-1,1
472,-1,-1,-1,1,1
473,2,1,1,1,-1
474,3,-1,-1,1,1
475,4,-1,-1,1,1
476,-1,-1,1,-1,1
477,0,-1,1,1,1
478,4,-1,-1,1,1
479,2,1,1,1,-1
480,4,-1,-1,1,1
481,-1,-1,-1,1,1
482,1,-1,1,1,1
483,3,-1,1,1,-1
484,-1,-1,-1,-1,1
485,4,-1,1,1,1
486,-1,-1,1,1,1
487,1,-1,1,1,1
488,-1,1,1,-1,1
489,2,-1,1,1,-1
490,4,-1,-1,1,1
491,-1,-1,-1,1,1
492,1,-1,-1,1,1
493,3,-1,1,1,1
494,-1,-1,-1,1,1
495,4,-1,-1,1,1
496,4,1,1,1,-1
497,4,-1,1,1,-1
498,4,-1,1,1,-1
499,1,-1,1,-1,1
500,4,-1,1,1,-1
501,4,-1,1,1,1
502,-1,-1,1,-1,1
503,-1,-1,1,1,1
504,4,-1,1,1,-1
505,4,-1,1,1,-1
506,2,1,1,1,-1
507,4,-1,1,1,1
508,3,-1,1,1,-1
509,3,-1,1,1,-1
510,3,-1,1,1,-1
511,1,-1,-1,1,1
512,3,-1,1,1,1
513,-1,-1,-1,1,1
514,3,-1,-1,1,1
515,-1,-1,-1,1,1
516,-1,1,-1,-1,1
517,2,-1,1,1,-1
518,-1,-1,1,1,1
519,-1,-1,1,-1,1
520,0,-1,-1,-1,1
521,4,-1,1,1,1
522,4,-1,1,-1,1
523,1,-1,1,-1,1
524,3,-1,1,1,-1
525,3,1,1,1,-1
526,1,-1,1,1,-1
527,3,-1,1,-1,1
528,3,-1,1,1,1
529,2,1,1,1,-1
530,-1,-1,1,1,1
531,4,-1,-1,1,1
532,3,-1,-1,1,1
533,5,1,1,-1,-1
534,4,-1,1,1,1
535,2,-1,1,1,-1
536,-1,-1,-1,1,1
537,2,-1,1,1,-1
538,-1,-1,-1,1,1
539,4,1,1,1,-1
540,3,-1,1,1,-1
541,-1,-1,1,-1,1
542,4,-1,1,-1,1
543,-1,-1,1,1,1
544,1,-1,1,1,1
545,3,-1,-1,1,1
546,5,1,-1,-1,1
547,4,-1,-1,1,1
548,2,-1,1,1,-1
549,4,-1,1,1,1
550,-1,-1,-1,1,1
551,4,-1,-1,1,1
552,-1,-1,-1,1,1
553,-1,-1,-1,1,1
554,1,-1,1,1,1
555,4,1,-1,1,1
556,4,-1,1,1,1
557,-1,-1,-1,1,1
558,-1,-1,1,1,1
559,-1,-1,-1,1,1
560,4,1,1,1,-1
561,3,-1,1,-1,1
562,3,-1,1,1,1
563,4,-1,-1,-1,1
564,1,-1,1,1,-1
565,3,-1,-1,1,1
566,3,-1,-1,1,1
567,1,-1,1,1,-1
568,3,-1,1,1,1
569,4,-1,1,1,1
570,-1,-1,1,-1,1
571,3,-1,-1,1,1
572,3,-1,-1,1,1
573,4,-1,1,1,1
574,3,1,1,1,-1
575,4,1,1,1,1
576,4,-1,1,1,1
577,2,1,1,1,-1
578,-1,-1,-1,-1,1
579,-1,-1,-1,1,1
580,-1,-1,1,1,1
581,-1,-1,-1,-1,1
582,4,-1,1,1,-1
583,3,-1,-1,1,1
584,1,-1,1,-1,1
585,3,1,1,1,-1
586,-1,-1,-1,1,1
587,2,1,1,1,-1
588,4,-1,1,1,1
589,-1,-1,1,1,1
590,-1,-1,1,1,1
591,1,-1,1,-1,1
592,5,-1,-1,-1,1
593,4,1,1,1,-1
594,1,-1,1,1,1
595,-1,-1,-1,1,1
596,4,1,1,1,-1
597,2,-1,1,1,-1
598,3,-1,1,1,-1
599,4,-1,1,1,1
600,-1,-1,1,1,1
601,3,-1,1,1,1
602,4,-1,-1,1,1
603,3,-1,1,1,1
604,-1,-1,-1,-1,1
605,4,-1,-1,1,1
606,3,-1,-1,1,1
607,-1,-1,-1,-1,1
608,4,-1,1,-1,1
609,3,-1,-1,1,1
610,2,-1,1,1,-1
611,4,-1,-1,1,1
612,1,-1,1,-1,1
613,4,-1,1,-1,1
614,1,-1,-1,1,1
615,1,-1,1,-1,1
616,3,1,1,-1,1
617,4,-1,-1,1,1
618,3,1,1,1,-1
619,-1,-1,1,1,1
620,5,-1,-1,-1,1
621,0,-1,-1,1,1
622,4,-1,-1,1,1
623,4,-1,-1,1,1
624,4,-1,-1,1,1
625,-1,-1,1,-1,1
626,-1,-1,1,1,1
627,3,1,1,1,-1
628,3,-1,1,1,1
629,1,-1,1,-1,1
630,3,1,-1,1,1
631,-1,-1,-1,1,1
632,-1,-1,1,1,1
633,2,1,1,1,-1
634,1,-1,-1,1,1
635,-1,1,-1,1,1
636,5,-1,-1,-1,1
637,3,-1,-1,1,1
638,3,-1,1,1,-1
639,4,-1,1,1,-1
640,-1,-1,1,1,1
641,4,-1,1,1,1
642,4,-1,1,-1,1
643,-1,-1,1,1,1
644,3,-1,-1,-1,1
645,3,-1,-1,1,1
646,2,1,1,1,-1
647,4,-1,-1,1,1
648,-1,-1,-1,1,1
649,1,-1,1,1,1
650,4,-1,1,1,-1
651,3,-1,-1,-1,1
652,-1,-1,1,1,1
653,5,1,1,-1,1
654,3,-1,1,1,1
655,-1,-1,1,-1,1
656,1,-1,1,1,-1
657,3,-1,-1,1,1
658,1,-1,1,1,1
659,-1,-1,-1,1,1
660,3,-1,-1,1,1
661,3,-1,1,1,1
662,3,-1,1,1,1
663,-1,-1,1,1,1
664,-1,-1,-1,1,1
665,3,-1,1,1,-1
666,4,-1,1,1,1
667,-1,-1,1,1,1
668,3,-1,1,1,1
669,-1,-1,-1,1,1
670,4,-1,-1,1,1
671,3,-1,1,1,1
672,1,-1,1,1,1
673,4,-1,1,1,1
674,-1,-1,1,1,1
675,3,-1,1,1,-1
676,1,-1,1,1,-1
677,4,-1,-1,1,1
678,4,-1,1,1,-1
679,4,-1,-1,1,1
680,4,-1,1,1,1
681,4,1,1,1,-1
682,1,-1,1,1,1
683,3,1,1,1,-1
684,4,-1,1,1,1
685,-1,-1,-1,1,1
686,-1,-1,1,1,1
687,5,-1,1,-1,1
688,3,1,1,1,-1
689,-1,-1,1,-1,1
690,1,-1,1,-1,1
691,3,-1,-1,1,1
692,2,-1,1,1,-1
693,3,1,1,1,-1
694,-1,-1,1,1,1
695,4,-1,-1,1,1
696,3,-1,-1,1,1
697,4,-1,1,1,1
698,4,-1,-1,1,1
699,4,-1,-1,1,1
700,-1,1,-1,-1,1
701,4,-1,1,1,-1
702,2,-1,1,1,-1
703,4,-1,-1,1,1
704,4,-1,-1,1,1
705,-1,-1,1,1,1
706,5,1,1,-1,-1
707,4,1,-1,1,1
708,-1,-1,-1,1,1
709,3,-1,1,1,-1
710,3,1,1,1,-1
711,4,-1,1,1,1
712,3,1,1,1,-1
713,1,-1,-1,1,1
714,3,-1,1,1,1
715,3,1,1,1,1
716,3,-1,1,1,1
717,5,-1,-1,-1,1
718,3,-1,1,1,1
719,1,1,1,1,-1
720,2,-1,1,1,-1
721,4,-1,1,1,1
722,-1,-1,-1,1,1
723,5,1,1,-1,-1
724,2,-1,1,1,-1
725,-1,-1,1,-1,1
726,3,-1,1,1,1
727,4,-1,1,1,1
728,1,-1,1,1,1
729,4,1,1,1,-1
730,-1,-1,1,-1,1
731,-1,-1,-1,1,1
732,-1,-1,-1,-1,1
733,-1,-1,-1,-1,1
734,3,-1,-1,1,1
735,2,-1,1,1,-1
736,4,1,-1,1,1
737,4,-1,-1,1,1
738,4,-1,-1,1,1
739,4,-1,-1,1,1
740,1,-1,-1,-1,1
741,3,-1,-1,1,1
742,4,-1,1,1,1
743,1,-1,-1,1,1
744,-1,-1,-1,1,1
745,-1,-1,-1,-1,1
746,3,1,1,1,-1
747,-1,-1,-1,1,1
748,-1,-1,1,-1,1
749,2,1,1,1,-1
750,1,-1,1,1,1
751,-1,-1,-1,1,1
752,1,-1,1,1,1
753,2,-1,1,1,-1
754,-1,-1,1,1,1
755,4,-1,1,1,1
756,3,-1,1,-1,1
757,-1,-1,-1,1,1
758,3,-1,1,1,-1
759,4,-1,-1,1,1
760,3,-1,-1,1,1
761,4,1,-1,-1,1
762,1,-1,1,1,1
763,3,-1,-1,1,1
764,4,-1,-1,-1,1
765,-1,-1,1,1,1
766,2,1,1,1,-1
767,5,-1,1,-1,1
768,4,-1,-1,1,1
769,2,1,1,1,-1
770,3,-1,1,1,1
771,4,1,1,1,-1
772,4,-1,1,1,1
773,-1,-1,1,1,1
774,3,-1,-1,1,1
775,1,-1,1,1,1
776,3,-1,-1,1,1
777,4,1,1,1,1
778,4,-1,-1,1,1
779,-1,-1,1,-1,1
780,-1,-1,-1,1,1
781,3,-1,-1,1,1
782,5,1,1,-1,1
783,-1,-1,1,-1,1
784,-1,-1,-1,1,1
785,-1,-1,1,1,1
786,5,-1,1,-1,1
787,5,-1,1,-1,1
788,4,-1,1,1,-1
789,1,1,1,1,-1
790,-1,-1,-1,1,1
791,-1,-1,-1,1,1
792,-1,-1,1,1,1
793,-1,-1,1,1,1
794,3,-1,1,1,1
795,-1,-1,1,-1,1
796,4,-1,-1,1,1
797,3,-1,1,1,1
798,-1,-1,-1,-1,1
799,2,-1,1,1,-1
800,3,1,1,1,-1
801,4,-1,1,-1,1
802,1,-1,1,-1,1
803,4,-1,1,1,1
804,4,-1,1,1,1
805,3,-1,-1,1,1
806,4,-1,1,1,1
807,3,-1,1,1,1
808,-1,-1,1,1,1
809,0,-1,1,1,1
810,5,-1,-1,-1,1
811,-1,-1,1,1,1
812,-1,-1,-1,1,1
813,3,-1,1,1,-1
814,3,-1,1,1,1
815,1,-1,1,1,1
816,1,-1,1,1,1
817,4,-1,1,1,-1
818,1,-1,-1,1,1
819,4,-1,-1,1,1
820,3,-1,-1,-1,1
821,5,1,1,-1,-1
822,5,-1,-1,-1,1
823,1,-1,1,1,-1
824,1,-1,1,1,-1
825,5,-1,-1,-1,1
826,1,-1,-1,1,1
827,-1,-1,-1,1,1
828,4,-1,1,1,1
829,4,-1,-1,-1,1
830,5,1,1,-1,-1
831,4,-1,-1,1,1
832,5,-1,1,-1,1
833,3,-1,1,1,1
834,3,-1,1,1,-1
835,1,-1,-1,1,1
836,3,1,1,1,-1
837,4,-1,1,1,1
838,1,1,1,1,-1
839,2,1,1,1,-1
840,4,-1,1,-1,1
841,4,-1,1,1,-1
842,3,-1,-1,1,1
843,3,-1,1,1,-1
844,3,-1,1,1,1
845,1,-1,1,-1,1
846,4,-1,1,1,1
847,5,1,-1,-1,1
848,3,-1,-1,1,1
849,4,1,1,1,-1
850,-1,-1,1,1,1
851,3,-1,-1,1,1
852,3,-1,-1,1,1
853,-1,1,-1,1,1
854,-1,-1,-1,1,1
855,2,1,1,1,-1
856,4,-1,-1,1,1
857,4,-1,1,1,1
858,4,-1,1,1,1
859,-1,-1,1,-1,1
860,5,-1,-1,-1,1
861,3,-1,1,1,1
862,-1,-1,-1,1,1
863,3,-1,1,-1,1
864,4,-1,1,1,1
865,4,-1,1,1,1
866,-1,-1,-1,1,1
867,1,-1,1,-1,1
868,-1,-1,1,1,1
869,3,-1,1,1,-1
870,2,-1,1,1,-1
871,-1,-1,1,1,1
872,4,-1,-1,-1,1
873,-1,-1,-1,1,1
874,3,-1,1,1,1
875,3,-1,1,1,-1
876,3,-1,-1,1,1
877,1,1,1,1,-1
878,-1,1,-1,-1,1
879,-1,-1,-1,1,1
880,3,-1,1,1,1
881,-1,-1,-1,1,1
882,3,-1,1,1,1
883,3,-1,1,1,-1
884,4,-1,1,1,1
885,4,-1,-1,-1,1
886,4,-1,-1,1,1
887,4,-1,1,1,1
888,0,-1,1,1,1
889,4,1,1,1,-1
890,-1,-1,1,1,1
891,3,-1,1,1,1
892,-1,-1,1,1,1
893,3,-1,-1,1,1
894,4,-1,1,-1,1
895,4,1,1,1,-1
896,3,1,1,1,-1
897,3,-1,1,1,1
898,-1,1,1,-1,1
899,-1,-1,1,1,1
900,3,-1,1,1,1
901,4,-1,1,1,-1
902,-1,-1,-1,-1,1
903,4,-1,1,1,1
904,3,-1,-1,1,1
905,-1,-1,1,1,1
906,1,-1,-1,1,1
907,-1,-1,1,1,1
908,4,-1,1,1,1
909,1,-1,1,1,1
910,3,-1,1,-1,1
911,-1,-1,-1,1,1
912,-1,-1,-1,1,1
913,4,-1,-1,1,1
914,2,-1,1,1,-1
915,1,-1,1,-1,1
916,-1,-1,-1,1,1
917,3,-1,1,1,1
918,4,-1,1,1,-1
919,3,-1,-1,1,1
920,-1,-1,1,-1,1
921,-1,-1,-1,1,1
922,5,-1,1,-1,1
923,3,-1,-1,1,1
924,2,-1,1,1,-1
925,-1,-1,1,-1,1
926,3,-1,1,1,-1
927,-1,-1,-1,1,1
928,3,-1,1,1,1
929,2,1,1,1,-1
930,0,-1,1,-1,1
931,1,-1,1,1,1
932,3,-1,-1,1,1
933,-1,-1,1,1,1
934,-1,-1,1,-1,1
935,4,1,1,1,-1
936,-1,-1,-1,-1,1
937,-1,-1,1,1,1
938,4,-1,1,1,1
939,3,1,1,1,-1
940,4,-1,-1,1,1
941,5,-1,-1,-1,1
942,4,-1,1,-1,1
943,5,1,1,-1,1
944,-1,-1,1,1,1
945,4,-1,1,1,1
946,3,1,1,1,-1
947,1,-1,1,1,1
948,5,-1,-1,-1,1
949,1,-1,-1,1,1
950,4,-1,1,1,-1
951,4,-1,1,1,1
952,2,1,1,1,-1
953,3,1,1,1,-1
954,3,1,1,1,-1
955,4,1,1,1,-1
956,-1,-1,1,1,1
957,5,-1,-1,-1,1
958,-1,1,-1,-1,1
959,4,-1,1,1,1
960,3,-1,-1,1,1
961,3,1,1,1,-1
962,-1,-1,1,1,1
963,1,-1,1,1,1
964,4,-1,1,1,1
965,3,-1,1,1,-1
966,-1,-1,1,1,1
967,2,-1,1,1,-1
968,1,-1,1,1,1
969,4,-1,1,1,1
970,0,1,-1,-1,1
971,1,-1,-1,1,1
972,3,-1,-1,1,1
973,-1,-1,-1,1,1
974,3,-1,1,1,-1
975,2,1,1,1,-1
976,3,-1,1,1,-1
977,-1,-1,1,1,1
978,3,-1,1,1,-1
979,2,-1,1,1,-1
980,1,-1,-1,1,1
981,4,-1,-1,1,1
982,4,-1,-1,-1,1
983,4,-1,1,1,-1
984,3,-1,1,1,1
985,-1,-1,-1,-1,1
986,-1,-1,1,1,1
987,3,-1,1,1,-1
988,1,-1,1,1,-1
989,4,-1,1,1,1
990,3,-1,1,1,-1
991,3,-1,1,1,1
992,2,-1,1,1,-1
993,4,-1,1,1,1
994,3,-1,1,1,1
995,4,-1,-1,1,1
996,4,-1,-1,1,1
997,-1,-1,1,1,1
998,1,-1,-1,1,1
999,4,-1,1,1,1
1000,-1,-1,1,-1,1
1001,3,-1,1,-1,1
1002,0,-1,-1,-1,1
1003,4,-1,-1,1,1
1004,4,1,1,1,-1
1005,-1,-1,-1,-1,1
1006,-1,-1,-1,-1,1
1007,1,-1,1,1,1
1008,3,-1,1,1,-1
1009,4,-1,1,1,1
1010,1,-1,-1,1,1
1011,3,-1,1,1,-1
1012,1,-1,1,1,-1
1013,1,-1,1,1,1
1014,1,-1,1,1,1
1015,4,-1,-1,1,1
1016,3,-1,1,1,-1
1017,5,-1,1,-1,1
1018,3,1,1,1,-1
1019,1,1,1,1,-1
1020,3,-1,1,1,1
1021,4,1,1,1,-1
1022,1,-1,-1,1,1
1023,1,-1,1,1,1
1024,3,-1,1,1,1
1025,1,-1,1,-1,1
1026,2,1,1,1,-1
1027,1,-1,-1,1,1
1028,-1,-1,-1,-1,1
1029,4,-1,1,1,1
1030,1,1,1,1,-1
1031,3,-1,1,1,1
1032,3,-1,-1,-1,1
1033,-1,-1,1,-1,1
1034,3,-1,1,-1,1
1035,1,-1,1,1,1
1036,3,-1,-1,1,1
1037,-1,-1,1,-1,1
1038,3,-1,-1,1,1
1039,3,-1,-1,1,1
1040,4,-1,1,1,-1
1041,3,1,1,1,-1
1042,4,-1,1,1,1
1043,4,-1,1,1,1
1044,1,1,1,1,-1
1045,-1,-1,1,1,1
1046,4,-1,1,1,1
1047,4,1,1,1,-1
1048,4,-1,1,1,1
1049,1,-1,-1,1,1
1050,-1,-1,-1,-1,1
1051,4,-1,1,-1,1
1052,-1,-1,-1,1,1
1053,3,-1,1,1,1
1054,5,-1,-1,-1,1
1055,-1,1,1,-1,1
1056,1,-1,1,1,1
1057,2,-1,1,1,-1
1058,0,-1,1,-1,1
1059,3,1,1,1,-1
1060,2,-1,1,1,-1
1061,3,1,-1,1,1
1062,4,-1,-1,1,1
1063,-1,-1,1,-1,1
1064,2,-1,1,1,-1
1065,2,1,1,1,-1
1066,4,-1,1,1,-1
1067,4,-1,1,1,-1
1068,3,1,1,1,-1
1069,1,-1,-1,1,1
1070,1,-1,1,1,1
1071,1,-1,1,1,1
1072,1,-1,1,1,1
1073,1,-1,1,-1,1
1074,-1,-1,1,1,1
1075,5,1,1,-1,-1
1076,3,-1,1,-1,1
1077,4,-1,1,1,-1
1078,3,-1,-1,1,1
1079,-1,-1,-1,1,1
1080,3,-1,1,1,-1
1081,3,-1,-1,1,1
1082,-1,-1,-1,1,1
1083,2,-1,1,1,-1
1084,1,-1,1,1,1
1085,-1,-1,-1,1,1
1086,4,-1,1,1,1
1087,1,-1,1,1,-1
1088,4,-1,-1,1,1
1089,1,-1,1,1,1
1090,3,-1,1,1,-1
1091,2,-1,1,1,-1
1092,3,-1,1,1,-1
1093,-1,-1,1,1,1
1094,2,-1,1,1,-1
1095,1,-1,-1,1,1
1096,1,-1,1,1,1
1097,4,-1,1,1,-1
1098,-1,-1,-1,1,1
1099,3,-1,1,1,-1
1100,3,1,1,1,-1
1101,4,-1,1,1,1
1102,2,-1,1,1,-1
1103,3,1,1,1,-1
1104,4,-1,1,1,1
1105,4,-1,1,1,1
1106,4,-1,-1,1,1
1107,-1,-1,1,1,1
1108,3,-1,-1,1,1
1109,5,1,-1,-1,1
1110,3,1,1,1,-1
1111,0,-1,1,1,1
1112,2,-1,1,1,-1
1113,-1,-1,1,-1,1
1114,-1,-1,1,-1,1
1115,4,1,1,1,-1
1116,4,-1,1,1,1
1117,3,1,1,1,-1
1118,-1,-1,1,1,1
1119,3,-1,-1,1,1
1120,4,-1,1,1,1
1121,3,-1,1,-1,1
1122,5,1,-1,-1,1
1123,4,-1,-1,1,1
1124,1,-1,1,1,1
1125,2,-1,1,1,-1
1126,4,-1,-1,1,1
1127,-1,-1,1,1,1
1128,5,1,1,-1,1
1129,-1,-1,1,1,1
1130,-1,-1,1,1,1
1131,1,-1,1,1,1
1132,4,-1,-1,1,1
1133,-1,-1,1,1,1
1134,-1,-1,1,-1,1
1135,-1,-1,-1,1,1
1136,3,-1,1,1,1
1137,3,-1,1,1,-1
1138,3,-1,-1,1,1
1139,3,-1,1,1,1
1140,-1,-1,-1,1,1
1141,-1,-1,1,-1,1
1142,0,-1,1,1,1
1143,-1,1,1,-1,1
1144,4,1,1,1,-1
1145,5,-1,1,1,1
1146,3,1,1,1,-1
1147,2,1,1,1,-1
1148,4,-1,1,1,1
1149,-1,-1,-1,1,1
1150,4,-1,1,1,1
1151,-1,-1,-1,1,1
1152,3,-1,1,1,-1
1153,-1,-1,1,-1,1
1154,4,-1,1,-1,1
1155,4,-1,1,1,1
1156,3,1,1,1,-1
1157,1,-1,-1,-1,1
1158,-1,-1,1,1,1
1159,3,-1,-1,-1,1
1160,1,-1,1,1,1
1161,-1,-1,-1,1,1
1162,3,1,1,1,-1
1163,4,-1,1,1,1
1164,-1,-1,1,1,1
1165,3,1,1,1,-1
1166,2,1,1,1,-1
1167,4,-1,1,1,1
1168,4,-1,1,1,1
1169,4,1,1,1,-1
1170,2,1,1,1,-1
1171,3,-1,1,1,-1
1172,1,-1,1,1,1
1173,1,-1,1,1,-1
1174,-1,-1,1,1,1
1175,4,-1,-1,1,1
1176,3,-1,1,1,1
1177,-1,-1,-1,1,1
1178,4,1,1,1,-1
1179,-1,-1,1,1,1
1180,4,-1,1,1,1
1181,-1,-1,1,1,1
1182,3,-1,1,1,-1
1183,4,-1,1,1,1
1184,1,-1,-1,1,1
1185,-1,-1,-1,1,1
1186,3,-1,1,1,1
1187,-1,-1,-1,1,1
1188,3,-1,1,1,1
1189,2,1,1,1,-1
1190,2,-1,1,1,-1
1191,-1,-1,1,1,1
1192,3,-1,1,1,1
1193,-1,-1,-1,1,1
1194,1,-1,1,1,1
1195,-1,-1,1,-1,1
1196,4,-1,1,1,1
1197,2,1,1,1,-1
1198,1,-1,1,1,1
1199,4,-1,1,1,-1
1200,3,1,1,1,-1
1201,4,-1,-1,1,1
1202,4,-1,1,-1,1
1203,4,-1,1,1,1
1204,4,-1,-1,-1,1
1205,-1,-1,1,1,1
1206,-1,-1,-1,1,1
1207,4,-1,1,1,1
1208,-1,-1,1,1,1
1209,1,1,1,1,-1
1210,4,-1,-1,1,1
1211,5,-1,1,-1,1
1212,4,-1,-1,1,1
1213,4,-1,-1,-1,1
1214,1,-1,1,-1,1
1215,3,-1,1,1,-1
1216,4,1,1,1,1
1217,2,1,1,1,-1
1218,3,-1,1,1,1
1219,4,-1,-1,1,1
1220,3,-1,1,-1,1
1221,3,-1,1,1,1
1222,5,-1,-1,-1,1
1223,3,-1,1,1,-1
1224,-1,-1,-1,-1,1
1225,1,1,1,1,-1
1226,2,1,1,1,-1
1227,2,-1,1,1,-1
1228,1,-1,1,1,1
1229,3,-1,1,1,-1
1230,0,-1,-1,-1,1
1231,-1,-1,1,1,1
1232,4,-1,1,1,-1
1233,1,-1,-1,1,1
1234,4,1,1,1,-1
1235,-1,-1,1,1,1
1236,-1,-1,-1,-1,1
1237,-1,-1,-1,1,1
1238,3,-1,1,1,-1
1239,1,-1,-1,1,1
1240,3,-1,-1,1,1
1241,-1,-1,-1,1,1
1242,3,-1,-1,1,1
1243,4,-1,1,1,-1
1244,3,-1,1,1,1
1245,3,1,1,1,-1
1246,1,-1,1,-1,1
1247,1,1,1,1,-1
1248,3,-1,1,1,1
1249,-1,-1,-1,1,1
1250,3,-1,1,1,-1
1251,4,-1,1,1,-1
1252,1,1,1,1,-1
1253,-1,-1,1,1,1
1254,-1,-1,1,1,1
1255,-1,-1,-1,1,1
1256,5,1,-1,-1,1
1257,2,-1,1,1,-1
1258,-1,-1,-1,1,1
1259,1,-1,1,1,1
1260,-1,-1,1,1,1
1261,3,-1,1,1,-1
1262,4,-1,1,1,1
1263,-1,-1,-1,1,1
1264,1,-1,-1,1,1
1265,3,-1,1,1,1
1266,4,-1,1,1,1
1267,3,1,1,1,-1
1268,2,-1,1,1,-1
1269,1,-1,1,1,1
1270,3,-1,1,1,1
1271,3,-1,1,1,-1
1272,1,-1,1,-1,1
1273,-1,-1,-1,1,1
1274,4,-1,1,1,-1
1275,3,-1,-1,1,1
1276,4,-1,1,-1,1
1277,3,-1,-1,-1,1
1278,4,-1,-1,1,1
1279,-1,-1,1,1,1
1280,3,-1,1,1,-1
1281,3,-1,-1,1,1
1282,0,-1,-1,-1,1
1283,0,-1,1,-1,1
1284,1,1,1,1,-1
1285,1,-1,-1,1,1
1286,-1,-1,1,1,1
1287,3,-1,1,1,1
1288,4,-1,-1,1,1
1289,-1,-1,-1,1,1
1290,3,-1,-1,1,1
1291,1,-1,1,1,-1
1292,4,-1,1,1,1
1293,1,-1,1,-1,1
1294,1,-1,1,1,1
1295,4,-1,1,1,1
1296,-1,-1,1,1,1
1297,2,1,1,1,-1
1298,-1,-1,1,-1,1
1299,3,-1,-1,1,1
1300,4,-1,1,1,1
1301,-1,-1,1,1,1
1302,2,1,1,1,-1
1303,1,-1,1,1,1
1304,2,-1,1,1,-1
1305,1,-1,1,-1,1
1306,4,1,1,1,-1
1307,5,-1,-1,-1,1
1308,-1,-1,1,1,1
1309,5,-1,-1,-1,1
1310,3,-1,1,1,1
1311,4,-1,1,1,-1
1312,-1,-1,1,1,1
1313,1,-1,1,-1,1
1314,5,-1,-1,-1,1
1315,3,-1,1,1,-1
1316,4,-1,1,1,-1
1317,1,1,1,1,-1
1318,-1,-1,-1,1,1
1319,4,-1,-1,1,1
1320,3,-1,1,1,1
1321,3,-1,1,1,1
1322,-1,-1,1,1,1
1323,1,-1,1,1,-1
1324,-1,-1,1,1,1
1325,-1,1,1,-1,1
1326,1,-1,1,-1,1
1327,2,-1,1,1,-1
1328,3,-1,1,1,-1
1329,3,1,1,1,-1
1330,3,1,1,1,-1
1331,3,1,1,1,-1
1332,3,-1,1,1,1
1333,4,1,1,1,-1
1334,2,-1,1,1,-1
1335,4,-1,-1,1,1
1336,3,-1,1,-1,1
1337,3,1,1,1,1
1338,4,-1,1,1,1
1339,3,-1,-1,1,1
1340,-1,-1,-1,-1,1
1341,3,1,1,1,-1
1342,4,-1,1,-1,1
1343,4,-1,-1,1,1
1344,3,-1,1,1,-1
1345,4,-1,1,1,-1
1346,2,-1,1,1,-1
1347,4,-1,1,1,1
1348,4,-1,1,1,-1
1349,4,-1,-1,1,1
1350,4,-1,-1,1,1
1351,4,-1,1,1,1
1352,-1,-1,-1,1,1
1353,1,-1,1,1,1
1354,3,-1,-1,-1,1
1355,4,-1,1,1,1
1356,4,-1,-1,1,1
1357,-1,-1,-1,-1,1
1358,0,-1,1,-1,1
1359,3,-1,-1,1,1
1360,3,-1,-1,1,1
1361,-1,-1,-1,1,1
1362,1,-1,1,1,1
1363,0,1,1,-1,1
1364,3,-1,1,1,-1
1365,4,-1,-1,1,1
1366,3,-1,1,1,1
1367,4,1,1,1,1
1368,4,-1,-1,1,1
1369,-1,-1,1,1,1
1370,-1,-1,-1,1,1
1371,1,-1,-1,1,1
1372,1,-1,1,-1,1
1373,2,1,1,1,-1
1374,2,1,1,1,-1
1375,1,1,1,1,-1
1376,4,-1,-1,1,1
1377,3,-1,1,1,-1
1378,0,-1,-1,1,1
1379,-1,-1,1,1,1
1380,1,1,1,1,-1
1381,3,1,1,1,-1
1382,4,-1,-1,1,1
1383,0,-1,1,-1,-1
1384,5,-1,1,-1,-1
1385,4,-1,-1,1,1
1386,4,1,1,1,-1
1387,4,-1,1,1,-1
1388,2,-1,1,1,-1
1389,3,-1,1,1,-1
1390,-1,-1,1,-1,1
1391,-1,-1,1,1,1
1392,0,-1,1,1,1
1393,1,-1,-1,1,1
1394,-1,-1,-1,-1,1
1395,-1,-1,-1,1,1
1396,0,-1,1,-1,1
1397,1,-1,1,1,1
1398,-1,-1,1,1,1
1399,4,-1,1,-1,1
1400,4,-1,-1,-1,1
1401,3,-1,1,1,1
1402,3,-1,1,1,-1
1403,-1,-1,1,-1,1
1404,2,-1,1,1,-1
1405,4,-1,1,1,1
1406,-1,-1,-1,1,1
1407,4,-1,1,1,1
1408,3,-1,1,1,-1
1409,4,1,1,1,-1
1410,-1,-1,-1,1,1
1411,-1,-1,1,1,1
1412,4,-1,-1,1,1
1413,3,-1,1,1,1
1414,1,-1,1,-1,1
1415,-1,-1,-1,1,1
1416,-1,-1,-1,1,1
1417,5,1,-1,-1,1
1418,0,-1,1,-1,1
1419,-1,-1,-1,1,1
1420,4,-1,1,1,-1
1421,1,-1,-1,1,1
1422,2,-1,1,1,-1
1423,2,1,1,1,-1
1424,4,-1,1,-1,1
1425,3,-1,1,1,1
1426,-1,-1,1,1,1
1427,-1,-1,-1,1,1
1428,3,-1,-1,1,1
1429,5,1,1,-1,1
1430,3,-1,-1,1,1
1431,3,-1,1,1,-1
1432,4,-1,1,1,-1
1433,3,-1,1,1,1
1434,2,-1,1,1,-1
1435,4,-1,1,1,-1
1436,5,-1,1,-1,-1
1437,3,-1,-1,1,1
1438,-1,-1,1,1,1
1439,1,-1,1,1,1
1440,4,-1,-1,1,1
1441,4,-1,-1,1,1
1442,3,-1,1,1,-1
1443,3,-1,-1,1,1
1444,3,-1,-1,1,1
1445,-1,-1,1,1,1
1446,5,-1,1,-1,1
1447,3,-1,-1,1,1
1448,1,-1,-1,1,1
1449,2,-1,1,1,-1
1450,2,-1,1,1,-1
1451,3,-1,-1,1,1
1452,-1,1,-1,-1,1
1453,3,-1,-1,1,1
1454,3,-1,1,1,1
1455,-1,-1,-1,1,1
1456,3,1,1,1,-1
1457,4,-1,1,1,-1
1458,3,-1,1,1,-1
1459,-1,1,-1,1,1
1460,4,-1,-1,1,1
1461,-1,-1,1,1,1
1462,-1,-1,-1,1,1
1463,0,-1,1,1,1
1464,1,-1,-1,1,1
1465,4,-1,1,1,-1
1466,4,-1,1,1,1
1467,2,-1,1,1,-1
1468,-1,1,1,1,1
1469,3,-1,1,1,1
1470,3,-1,1,1,1
1471,1,-1,-1,1,1
1472,3,-1,1,1,-1
1473,3,-1,-1,-1,1
1474,1,-1,1,1,1
1475,-1,-1,-1,1,1
1476,3,-1,1,1,-1
1477,-1,-1,1,-1,1
1478,3,-1,1,1,1
1479,2,1,1,1,-1
1480,-1,-1,-1,1,1
1481,1,-1,1,1,1
1482,1,1,1,1,-1
1483,1,-1,1,1,1
1484,2,-1,1,1,-1
1485,4,-1,1,1,1
1486,-1,-1,1,1,1
1487,1,-1,-1,1,1
1488,1,-1,1,1,1
1489,3,-1,-1,1,1
1490,-1,-1,-1,1,1
1491,3,-1,1,1,1
1492,3,-1,1,1,-1
1493,-1,-1,-1,1,1
1494,-1,-1,1,1,1
1495,3,-1,1,1,-1
1496,-1,-1,-1,-1,1
1497,-1,-1,-1,1,1
1498,4,-1,1,1,1
1499,-1,-1,1,1,1
1500,-1,-1,-1,1,1
1501,3,-1,-1,1,1
1502,4,-1,-1,1,1
1503,-1,-1,-1,1,1
1504,4,1,-1,1,1
1505,4,-1,-1,1,1
1506,2,1,1,1,-1
1507,4,-1,-1,-1,1
1508,-1,-1,1,1,1
1509,-1,-1,-1,-1,1
1510,3,1,1,1,-1
1511,3,-1,1,1,1
1512,-1,-1,1,-1,1
1513,3,-1,-1,-1,1
1514,0,-1,1,-1,1
1515,1,1,1,1,-1
1516,1,1,1,1,-1
1517,-1,-1,-1,1,1
1518,1,-1,1,1,1
1519,4,-1,1,1,1
1520,1,-1,1,1,1
1521,2,1,1,1,-1
1522,-1,-1,-1,1,1
1523,4,-1,-1,1,1
1524,2,-1,1,1,-1
1525,4,1,1,1,-1
1526,-1,-1,-1,1,1
1527,4,-1,1,-1,1
1528,-1,-1,1,1,1
1529,1,-1,-1,1,1
1530,4,-1,-1,1,1
1531,4,-1,1,1,1
1532,4,-1,1,1,1
1533,-1,-1,1,1,1
1534,5,-1,1,-1,1
1535,1,-1,1,1,-1
1536,3,-1,1,1,-1
1537,-1,1,-1,1,1
1538,3,-1,1,1,1
1539,2,1,1,1,-1
1540,0,-1,1,1,1
1541,4,-1,-1,1,1
1542,1,-1,-1,1,1
1543,3,1,1,1,-1
1544,-1,-1,1,-1,1
1545,1,-1,-1,1,1
1546,4,-1,1,1,1
1547,4,-1,1,-1,1
1548,0,-1,-1,-1,1
1549,-1,-1,-1,1,1
1550,-1,-1,1,1,1
1551,3,-1,1,1,-1
1552,4,-1,-1,1,1
1553,1,1,1,1,-1
1554,3,-1,1,1,-1
1555,3,-1,1,1,1
1556,1,-1,-1,-1,1
1557,3,-1,1,1,1
1558,-1,-1,1,1,1
1559,0,1,1,-1,1
1560,-1,-1,1,1,1
1561,4,-1,-1,1,1
1562,-1,-1,-1,-1,1
1563,3,-1,-1,1,1
1564,3,-1,1,1,1
1565,2,-1,1,1,-1
1566,4,-1,1,1,1
1567,-1,-1,1,1,1
1568,3,-1,1,1,1
1569,3,-1,1,1,-1
1570,5,1,1,-1,1
1571,-1,-1,-1,-1,1
1572,4,-1,1,1,1
1573,1,-1,1,1,1
1574,5,-1,1,-1,-1
1575,-1,-1,1,-1,1
1576,3,-1,1,1,1
1577,3,-1,-1,1,1
1578,-1,-1,1,1,1
1579,2,-1,1,1,-1
1580,4,1,1,1,-1
1581,1,-1,-1,1,1
1582,-1,-1,-1,1,1
1583,1,-1,-1,1,1
1584,4,-1,1,1,1
1585,3,-1,1,1,-1
1586,3,-1,-1,1,1
1587,4,-1,1,1,1
1588,0,-1,1,-1,1
1589,3,-1,1,-1,1
1590,3,-1,1,1,-1
1591,3,-1,1,1,-1
1592,-1,-1,-1,-1,1
1593,3,1,1,1,-1
1594,4,-1,-1,1,1
1595,3,1,1,1,-1
1596,3,-1,-1,1,1
1597,3,-1,1,1,-1
1598,4,-1,-1,1,1
1599,3,-1,1,1,-1
1600,1,-1,1,1,1
1601,4,-1,-1,-1,1
1602,4,1,1,1,-1
1603,4,-1,1,1,1
1604,5,1,1,-1,1
1605,-1,-1,-1,-1,1
1606,4,-1,1,-1,1
1607,-1,-1,-1,1,1
1608,1,-1,1,1,-1
1609,3,-1,1,1,1
1610,3,-1,1,1,-1
1611,3,-1,1,1,-1
1612,3,1,1,1,-1
1613,5,-1,1,-1,1
1614,1,1,1,1,-1
1615,-1,1,1,1,1
1616,4,-1,1,1,1
1617,3,-1,1,1,1
1618,-1,-1,1,1,1
1619,1,-1,1,-1,1
1620,4,-1,1,1,-1
1621,2,1,1,1,-1
1622,4,-1,1,1,-1
1623,3,-1,1,1,-1
1624,4,-1,-1,-1,1
1625,-1,-1,-1,-1,1
1626,0,-1,1,-1,1
1627,4,-1,-1,1,1
1628,3,-1,1,1,1
1629,-1,-1,1,-1,1
1630,-1,1,1,1,1
1631,4,-1,1,1,1
1632,-1,-1,-1,1,1
1633,4,-1,-1,-1,1
1634,1,-1,1,1,-1
1635,-1,-1,1,1,1
1636,3,1,1,1,-1
1637,3,-1,1,1,1
1638,3,-1,-1,1,1
1639,1,-1,-1,1,1
1640,4,-1,1,1,-1
1641,-1,1,-1,1,1
1642,4,-1,1,1,-1
1643,2,1,1,1,-1
1644,0,-1,-1,-1,1
1645,1,-1,1,1,1
1646,4,-1,1,1,-1
1647,-1,1,-1,-1,1
1648,-1,-1,-1,1,1
1649,2,1,1,1,-1
1650,2,-1,1,1,-1
1651,1,-1,1,-1,1
1652,4,-1,1,1,1
1653,3,-1,1,1,1
1654,4,-1,-1,1,1
1655,-1,-1,-1,1,1
1656,4,-1,1,1,1
1657,-1,-1,1,1,1
1658,-1,-1,-1,-1,1
1659,3,-1,1,-1,1
1660,4,-1,-1,1,1
1661,-1,-1,-1,1,1
1662,0,-1,1,-1,1
1663,1,-1,-1,1,1
1664,2,1,1,1,-1
1665,4,-1,1,1,1
1666,3,-1,1,1,1
1667,3,-1,-1,1,1
1668,5,1,1,-1,1
1669,-1,1,-1,-1,1
1670,-1,-1,1,-1,1
1671,4,-1,1,1,1
1672,4,-1,-1,1,1
1673,3,-1,1,1,-1
1674,-1,-1,-1,1,1
1675,3,-1,1,1,-1
1676,4,-1,1,1,1
1677,-1,-1,-1,1,1
1678,3,-1,-1,-1,1
1679,3,-1,1,1,-1
1680,-1,-1,-1,1,1
1681,1,-1,-1,1,1
1682,1,-1,1,1,1
1683,-1,-1,-1,-1,1
1684,-1,-1,1,1,1
1685,-1,-1,-1,1,1
1686,3,-1,-1,1,1
1687,1,-1,-1,1,1
1688,4,-1,1,1,1
1689,1,1,1,1,-1
1690,2,1,1,1,-1
1691,-1,-1,-1,1,1
1692,4,-1,-1,-1,1
1693,3,1,1,1,-1
1694,5,1,1,-1,-1
1695,4,-1,1,1,1
1696,3,-1,1,1,1
1697,-1,-1,-1,-1,1
1698,-1,-1,-1,1,1
1699,-1,-1,1,1,1
1700,-1,-1,-1,1,1
1701,4,-1,-1,1,1
1702,2,-1,1,1,-1
1703,-1,-1,1,1,1
1704,1,-1,1,-1,1
1705,0,-1,-1,-1,1
1706,4,-1,1,1,1
1707,4,-1,1,1,1
1708,1,-1,1,-1,1
1709,3,-1,-1,1,1
1710,2,1,1,1,-1
1711,3,-1,-1,1,1
1712,3,-1,1,1,-1
1713,4,-1,1,1,1
1714,-1,-1,1,1,1
1715,4,-1,-1,1,1
1716,4,-1,1,1,-1
1717,-1,-1,1,1,1
1718,-1,-1,1,1,1
1719,3,-1,1,1,1
1720,4,-1,1,1,1
1721,3,-1,1,1,-1
1722,4,-1,-1,1,1
1723,3,-1,1,1,1
1724,4,-1,-1,1,1
1725,3,-1,1,1,1
1726,-1,-1,-1,-1,1
1727,1,-1,1,1,1
1728,4,-1,1,1,1
1729,3,-1,-1,1,1
1730,3,-1,1,1,1
1731,-1,-1,1,1,1
1732,4,-1,1,1,1
1733,1,-1,-1,1,1
1734,-1,-1,-1,1,1
1735,4,-1,1,1,1
1736,-1,-1,-1,1,1
1737,3,-1,1,1,1
1738,5,-1,1,-1,1
1739,4,-1,1,1,1
1740,3,1,1,1,-1
1741,4,1,1,1,-1
1742,1,-1,-1,1,1
1743,3,1,1,1,-1
1744,4,-1,1,1,1
1745,4,1,1,1,-1
1746,4,-1,1,1,1
1747,1,-1,-1,1,1
1748,3,-1,1,1,1
1749,1,-1,-1,1,1
1750,2,-1,1,1,-1
1751,-1,-1,-1,1,1
1752,4,-1,1,1,1
1753,3,-1,1,1,-1
1754,4,-1,1,-1,1
1755,-1,-1,-1,-1,1
1756,4,1,1,-1,1
1757,-1,-1,-1,1,1
1758,5,-1,-1,-1,1
1759,4,-1,-1,1,1
1760,3,-1,1,1,-1
1761,3,-1,1,1,-1
1762,1,-1,1,1,1
1763,3,-1,1,1,1
1764,4,-1,-1,1,1
1765,1,-1,1,1,1
1766,4,-1,1,1,1
1767,1,-1,-1,1,1
1768,-1,-1,-1,1,1
1769,3,-1,1,1,1
1770,1,1,1,1,-1
1771,4,-1,-1,1,1
1772,1,-1,-1,1,1
1773,-1,-1,-1,-1,1
1774,4,-1,1,1,-1
1775,5,1,-1,-1,1
1776,3,-1,1,1,1
1777,2,-1,1,1,-1
1778,4,-1,1,1,-1
1779,-1,-1,1,1,1
1780,5,-1,1,-1,1
1781,-1,-1,1,-1,1
1782,4,-1,1,1,-1
1783,-1,-1,1,1,1
1784,4,1,1,1,-1
1785,3,-1,1,1,-1
1786,1,-1,-1,1,1
1787,4,-1,1,1,1
1788,1,-1,1,1,-1
1789,3,-1,-1,1,1
1790,4,-1,1,1,1
1791,4,-1,-1,1,1
1792,2,1,1,1,-1
1793,3,-1,1,1,1
1794,2,-1,1,1,-1
1795,5,1,-1,-1,1
1796,4,1,1,1,-1
1797,3,1,1,1,1
1798,4,-1,-1,1,1
1799,-1,-1,1,1,1
1800,3,-1,1,1,-1
1801,3,-1,1,1,1
1802,-1,-1,1,1,1
1803,1,-1,1,1,1
1804,4,-1,1,1,-1
1805,3,-1,1,1,-1
1806,2,1,1,1,-1
1807,4,-1,1,1,1
1808,3,1,1,1,-1
1809,3,-1,1,1,1
1810,1,-1,-1,1,1
1811,-1,-1,-1,-1,1
1812,1,-1,-1,1,1
1813,1,-1,1,-1,1
1814,3,-1,-1,1,1
1815,-1,-1,1,1,1
1816,-1,-1,1,1,1
1817,2,-1,1,1,-1
1818,3,-1,1,1,1
1819,0,1,1,-1,1
1820,2,-1,1,1,-1
1821,2,1,1,1,-1
1822,3,-1,1,1,1
1823,-1,-1,1,-1,1
1824,3,-1,1,1,1
1825,4,-1,-1,1,1
1826,5,-1,1,-1,1
1827,3,-1,1,1,-1
1828,-1,-1,-1,1,1
1829,-1,-1,1,1,1
1830,5,1,1,-1,-1
1831,-1,1,-1,1,1
1832,-1,-1,1,-1,1
1833,3,-1,-1,1,1
1834,2,-1,1,1,-1
1835,3,-1,1,1,1
1836,3,-1,1,-1,1
1837,2,1,1,1,-1
1838,3,-1,1,1,1
1839,3,-1,1,1,1
1840,-1,-1,-1,1,1
1841,3,-1,1,1,1
1842,4,-1,-1,1,1
1843,3,-1,1,1,-1
1844,4,-1,1,1,1
1845,4,-1,1,1,-1
1846,2,1,1,1,-1
1847,3,1,1,1,-1
1848,4,-1,-1,1,1
1849,3,-1,-1,1,1
1850,-1,-1,-1,-1,1
1851,-1,-1,-1,-1,1
1852,4,1,1,1,-1
1853,-1,-1,-1,1,1
1854,1,-1,-1,1,1
1855,-1,-1,-1,1,1
1856,4,-1,1,1,-1
1857,4,1,1,1,-1
1858,-1,1,1,-1,1
1859,1,-1,1,1,-1
1860,2,-1,1,1,-1
1861,-1,-1,1,-1,1
1862,4,-1,1,1,-1
1863,-1,-1,1,1,1
1864,3,-1,1,1,-1
1865,2,-1,1,1,-1
1866,3,-1,1,1,-1
1867,-1,-1,-1,1,1
1868,-1,-1,-1,1,1
1869,3,-1,1,1,1
1870,-1,-1,-1,-1,1
1871,5,-1,-1,1,1
1872,3,-1,1,1,-1
1873,-1,-1,1,1,1
1874,-1,-1,-1,1,1
1875,-1,-1,-1,1,1
1876,3,1,1,1,-1
1877,3,-1,1,-1,1
1878,3,-1,1,1,-1
1879,3,-1,1,1,1
1880,-1,-1,-1,1,1
1881,3,-1,1,1,-1
1882,1,-1,1,1,1
1883,-1,-1,-1,1,1
1884,3,1,1,1,-1
1885,3,-1,-1,1,1
1886,-1,-1,-1,1,1
1887,4,1,1,1,-1
1888,-1,-1,1,1,1
1889,-1,-1,1,-1,1
1890,2,-1,1,1,-1
1891,1,-1,1,1,1
1892,4,-1,1,1,1
1893,1,-1,1,1,1
1894,4,1,1,1,-1
1895,3,-1,-1,1,1
1896,3,-1,-1,1,1
1897,2,-1,1,1,-1
1898,2,-1,1,1,-1
1899,4,-1,1,1,-1
1900,1,-1,1,-1,1
1901,3,-1,1,1,1
1902,1,-1,1,1,-1
1903,3,-1,1,1,1
1904,3,-1,-1,1,1
1905,4,-1,1,1,-1
1906,2,-1,1,1,-1
1907,4,1,1,1,-1
1908,3,-1,-1,-1,1
1909,-1,-1,1,1,1
1910,-1,-1,-1,-1,1
1911,1,-1,-1,1,1
1912,4,-1,1,1,-1
1913,3,1,1,1,-1
1914,1,-1,1,1,1
1915,3,1,1,1,1
1916,-1,-1,1,-1,1
1917,1,-1,1,1,1
1918,-1,-1,1,1,1
1919,4,-1,1,1,1
1920,4,-1,1,1,1
1921,3,-1,-1,1,1
1922,4,-1,-1,1,1
1923,4,-1,-1,1,1
1924,-1,-1,1,-1,1
1925,-1,-1,-1,1,1
1926,4,-1,-1,1,1
1927,5,-1,1,-1,1
1928,4,-1,1,1,1
1929,3,-1,1,1,-1
1930,4,-1,-1,1,1
1931,4,-1,-1,1,1
1932,4,-1,-1,-1,1
1933,1,-1,-1,1,1
1934,4,-1,-1,1,1
1935,-1,-1,1,1,1
1936,4,-1,1,1,1
1937,3,-1,-1,-1,1
1938,4,-1,-1,1,1
1939,-1,-1,1,1,1
1940,4,-1,-1,-1,1
1941,-1,1,-1,1,1
1942,4,-1,1,1,-1
1943,-1,-1,-1,1,1
1944,3,-1,1,1,1
1945,3,-1,-1,1,1
1946,1,-1,1,-1,1
1947,4,-1,-1,1,1
1948,4,-1,1,1,1
1949,4,-1,-1,-1,1
1950,5,1,1,-1,-1
1951,3,-1,1,1,1
1952,-1,-1,-1,-1,1
1953,1,-1,-1,1,1
1954,-1,-1,-1,1,1
1955,4,-1,1,1,1
1956,-1,-1,-1,1,1
1957,3,-1,1,1,1
1958,-1,-1,-1,1,1
1959,-1,1,-1,1,1
1960,4,-1,1,1,1
1961,2,-1,1,1,-1
1962,-1,-1,-1,1,1
1963,-1,-1,-1,1,1
1964,-1,-1,-1,1,1
1965,4,-1,1,-1,1
1966,1,1,1,1,-1
1967,4,-1,1,1,-1
1968,3,-1,1,1,1
1969,2,-1,1,1,-1
1970,-1,-1,-1,1,1
1971,-1,-1,1,1,1
1972,4,-1,-1,1,1
1973,-1,-1,-1,1,1
1974,-1,-1,-1,1,1
1975,3,-1,-1,1,1
1976,3,-1,1,1,-1
1977,2,1,1,1,-1
1978,2,1,1,1,-1
1979,2,1,1,1,-1
1980,4,-1,1,1,1
1981,4,-1,1,1,1
1982,2,-1,1,1,-1
1983,3,-1,1,1,1
1984,-1,-1,1,-1,1
1985,1,-1,1,1,1
1986,4,1,1,1,-1
1987,4,-1,1,-1,1
1988,-1,-1,1,1,1
1989,4,-1,-1,1,1
1990,3,-1,-1,-1,1
1991,4,-1,1,1,1
1992,3,-1,1,1,1
1993,2,1,1,1,-1
1994,-1,-1,-1,1,1
1995,4,-1,-1,1,1
1996,1,-1,1,1,1
1997,1,-1,-1,-1,1
1998,3,-1,1,1,-1
1999,-1,-1,1,1,1
2000,1,-1,1,1,1
2001,4,-1,-1,1,1
2002,3,-1,1,1,-1
2003,-1,-1,-1,1,1
2004,3,-1,1,1,1
2005,4,1,1,1,-1
2006,4,-1,-1,1,1
2007,1,1,1,1,-1
2008,2,-1,1,1,-1
2009,1,-1,1,1,1
2010,3,-1,-1,1,1
2011,5,1,1,-1,-1
2012,3,-1,1,1,1
2013,-1,-1,-1,1,1
2014,4,1,1,1,-1
2015,2,-1,1,1,-1
2016,4,-1,1,1,-1
2017,3,-1,-1,1,1
2018,3,-1,1,1,1
2019,-1,-1,1,-1,1
2020,1,-1,-1,1,1
2021,-1,-1,1,1,1
2022,3,-1,1,1,-1
2023,1,-1,-1,1,1
2024,3,-1,1,1,1
2025,-1,-1,-1,1,1
2026,0,-1,1,1,1
2027,-1,-1,-1,-1,1
2028,-1,-1,1,1,1
2029,4,-1,-1,1,1
2030,4,-1,1,-1,1
2031,-1,-1,1,1,1
2032,3,-1,1,1,1
2033,3,-1,-1,1,1
2034,-1,-1,1,1,1
2035,-1,-1,1,1,1
2036,2,1,1,1,-1
2037,-1,-1,-1,1,1
2038,3,-1,1,1,-1
2039,-1,-1,1,1,1
2040,5,-1,-1,-1,1
2041,3,-1,1,1,1
2042,4,1,1,1,-1
2043,-1,-1,1,1,1
2044,4,-1,-1,1,1
2045,4,-1,1,1,-1
2046,-1,-1,1,1,1
2047,3,-1,1,1,1
2048,-1,-1,1,-1,1
2049,4,-1,1,1,1
2050,2,1,1,1,-1
2051,4,-1,1,1,-1
2052,3,-1,1,-1,1
2053,1,1,1,1,-1
2054,3,-1,1,1,-1
2055,2,-1,1,1,-1
2056,3,-1,-1,1,1
2057,5,-1,-1,-1,1
2058,4,-1,-1,1,1
2059,4,1,1,1,-1
2060,3,-1,1,1,1
2061,4,-1,1,1,1
2062,4,-1,1,1,1
2063,3,-1,1,1,1
2064,1,-1,1,1,1
2065,-1,-1,-1,1,1
2066,3,-1,1,1,1
2067,1,-1,1,1,1
2068,3,-1,-1,1,1
2069,3,-1,-1,1,1
2070,-1,-1,1,1,1
2071,3,-1,1,1,1
2072,-1,-1,-1,1,1
2073,2,-1,1,1,-1
2074,-1,-1,1,-1,1
2075,-1,-1,-1,-1,1
2076,1,-1,1,1,1
2077,-1,-1,-1,1,1
2078,4,-1,1,-1,1
2079,3,-1,-1,1,1
2080,4,-1,-1,1,1
2081,4,-1,1,1,1
2082,4,-1,1,1,1
2083,3,-1,1,1,1
2084,4,1,1,1,-1
2085,3,-1,1,1,1
2086,4,-1,-1,1,1
2087,2,1,1,1,-1
2088,-1,-1,-1,1,1
2089,5,-1,1,-1,1
2090,1,-1,1,-1,1
2091,3,-1,-1,1,1
2092,1,-1,1,1,1
2093,1,1,1,1,-1
2094,3,1,1,1,-1
2095,1,1,1,1,-1
2096,-1,1,-1,-1,1
2097,2,1,1,1,-1
2098,3,-1,1,1,-1
2099,4,-1,1,1,1
2100,-1,-1,1,1,1
2101,-1,1,1,-1,1
2102,2,-1,1,1,-1
2103,4,-1,-1,1,1
2104,1,-1,-1,1,1
2105,1,-1,1,1,-1
2106,4,1,1,1,-1
2107,-1,-1,1,1,1
2108,3,-1,-1,1,1
2109,4,-1,1,-1,1
2110,3,-1,1,1,1
2111,-1,-1,-1,1,1
2112,1,-1,-1,-1,1
2113,4,-1,-1,-1,1
2114,-1,-1,1,1,1
2115,1,-1,-1,-1,1
2116,4,-1,1,1,1
2117,3,-1,-1,1,1
2118,3,-1,-1,1,1
2119,-1,-1,-1,1,1
2120,1,-1,1,1,1
2121,1,-1,-1,1,1
2122,-1,-1,-1,1,1
2123,2,-1,1,1,-1
2124,3,-1,1,1,-1
2125,3,-1,1,1,1
2126,3,-1,1,1,1
2127,3,1,1,1,-1
2128,3,-1,1,1,-1
2129,1,-1,1,-1,1
2130,4,-1,-1,1,1
2131,1,-1,-1,1,1
2132,3,-1,1,1,1
2133,2,1,1,1,-1
2134,-1,-1,-1,1,1
2135,1,-1,1,1,1
2136,4,-1,-1,-1,1
2137,3,-1,-1,1,1
2138,-1,-1,-1,1,1
2139,-1,-1,-1,1,1
2140,4,-1,1,1,1
2141,3,-1,1,1,-1
2142,1,-1,-1,1,1
2143,3,-1,-1,1,1
2144,5,-1,-1,-1,1
2145,1,-1,-1,1,1
2146,5,-1,1,-1,1
2147,2,1,1,1,-1
2148,3,-1,-1,-1,1
2149,-1,-1,-1,-1,1
2150,1,-1,-1,1,1
2151,3,-1,1,1,-1
2152,5,-1,1,-1,1
2153,3,1,1,1,-1
2154,1,1,1,1,-1
2155,4,-1,-1,-1,1
2156,3,-1,1,1,-1
2157,-1,-1,-1,1,1
2158,5,1,-1,-1,1
2159,5,1,1,-1,-1
2160,3,-1,-1,1,1
2161,0,-1,1,-1,1
2162,4,-1,-1,1,1
2163,1,-1,1,1,-1
2164,-1,-1,-1,1,1
2165,5,-1,-1,-1,1
2166,4,-1,1,1,1
2167,4,-1,1,1,1
2168,0,-1,1,-1,1
2169,3,-1,1,1,-1
2170,-1,-1,-1,-1,1
2171,1,1,1,1,-1
2172,4,-1,-1,1,1
2173,3,-1,1,-1,1
2174,-1,-1,-1,1,1
2175,-1,-1,-1,1,1
2176,-1,-1,1,-1,1
2177,-1,-1,1,-1,1
2178,-1,-1,1,1,1
2179,3,-1,-1,1,1
2180,3,-1,-1,1,1
2181,3,-1,1,1,-1
2182,-1,-1,1,-1,1
2183,-1,-1,-1,1,1
2184,3,-1,1,1,1
2185,-1,-1,1,1,1
2186,1,-1,-1,1,1
2187,4,-1,1,1,1
2188,-1,-1,-1,1,1
2189,2,-1,1,1,-1
2190,4,-1,1,1,-1
2191,-1,-1,1,1,1
2192,-1,-1,1,1,1
2193,1,-1,1,1,1
2194,-1,-1,-1,1,1
2195,1,-1,-1,1,1
2196,4,1,1,1,-1
2197,3,-1,1,1,1
2198,-1,-1,1,1,1
2199,-1,-1,-1,1,1
2200,-1,-1,-1,1,1
2201,1,-1,1,-1,1
2202,3,-1,1,-1,1
2203,-1,-1,1,1,1
2204,1,-1,1,1,1
2205,4,1,1,-1,1
2206,4,-1,-1,1,1
2207,-1,-1,-1,1,1
2208,1,-1,1,1,-1
2209,1,-1,1,1,1
2210,1,-1,1,1,-1
2211,3,-1,1,1,-1
2212,-1,-1,-1,-1,1
2213,1,1,1,1,-1
2214,-1,-1,1,-1,1
2215,2,-1,1,1,-1
2216,4,-1,1,1,-1
2217,1,-1,1,-1,1
2218,4,-1,-1,1,1
2219,5,-1,1,-1,-1
2220,1,-1,1,1,1
2221,-1,-1,-1,1,1
2222,-1,-1,-1,1,1
2223,1,-1,1,1,1
2224,-1,-1,-1,1,1
2225,4,-1,1,1,-1
2226,3,-1,-1,-1,1
2227,3,-1,-1,1,1
2228,4,1,1,1,-1
2229,3,-1,1,1,-1
2230,-1,-1,-1,1,1
2231,-1,-1,1,1,1
2232,3,-1,-1,1,1
2233,2,-1,1,1,-1
2234,3,-1,1,-1,1
2235,3,-1,-1,1,1
2236,4,-1,-1,1,1
2237,-1,-1,-1,1,1
2238,4,-1,-1,1,1
2239,-1,-1,1,1,1
2240,2,1,1,1,-1
2241,2,1,1,1,-1
2242,1,-1,-1,1,1
2243,1,-1,1,-1,1
2244,1,1,1,1,-1
2245,1,-1,1,1,1
2246,-1,-1,-1,-1,1
2247,4,-1,1,1,1
2248,-1,-1,1,-1,1
2249,3,-1,-1,1,1
2250,3,-1,1,1,-1
2251,3,-1,1,1,1
2252,-1,-1,-1,1,1
2253,3,-1,1,1,1
2254,4,1,1,1,-1
2255,1,-1,1,1,1
2256,4,-1,-1,1,1
2257,4,1,1,1,1
2258,4,-1,-1,1,1
2259,3,-1,1,1,-1
2260,3,-1,1,1,1
2261,4,-1,1,-1,1
2262,3,-1,-1,1,1
2263,3,1,1,1,-1
2264,-1,-1,-1,1,1
2265,4,-1,1,1,-1
2266,3,-1,-1,1,1
2267,3,-1,1,1,1
2268,3,-1,1,-1,1
2269,3,-1,1,1,-1
2270,4,-1,-1,1,1
2271,1,-1,-1,1,1
2272,4,-1,1,1,1
2273,3,1,1,1,-1
2274,2,1,1,1,-1
2275,-1,-1,-1,1,1
2276,3,-1,1,1,1
2277,4,-1,1,-1,1
2278,4,-1,-1,-1,1
2279,1,1,1,1,-1
2280,-1,-1,1,-1,1
2281,3,1,1,1,-1
2282,2,-1,1,1,-1
2283,1,-1,1,-1,1
2284,-1,-1,-1,1,1
2285,1,-1,1,1,-1
2286,3,-1,1,1,1
2287,-1,-1,1,1,1
2288,-1,-1,1,1,1
2289,3,-1,1,1,-1
2290,1,1,1,1,-1
2291,1,-1,1,1,1
2292,-1,-1,-1,1,1
2293,1,-1,1,1,1
2294,3,1,-1,1,1
2295,-1,-1,1,1,1
2296,0,-1,1,-1,1
2297,4,1,1,1,-1
2298,0,1,1,-1,-1
2299,1,-1,1,-1,1
2300,3,-1,1,1,1
2301,-1,-1,-1,1,1
2302,4,-1,-1,1,1
2303,1,-1,1,1,-1
2304,1,-1,1,1,1
2305,4,-1,1,-1,1
2306,2,1,1,1,-1
2307,3,1,1,1,-1
2308,3,1,1,1,-1
2309,4,-1,-1,1,1
2310,5,1,1,-1,-1
2311,-1,-1,-1,1,1
2312,2,-1,1,1,-1
2313,-1,-1,1,1,1
2314,1,-1,-1,1,1
2315,-1,-1,-1,1,1
2316,1,1,1,1,-1
2317,4,-1,-1,1,1
2318,3,-1,1,1,1
2319,-1,1,-1,1,1
2320,3,-1,1,1,1
2321,3,-1,1,1,1
2322,4,-1,1,1,1
2323,4,-1,1,1,-1
2324,1,-1,-1,-1,1
2325,1,-1,1,1,1
2326,3,-1,-1,1,1
2327,1,1,1,1,-1
2328,4,-1,1,1,1
2329,2,-1,1,1,-1
2330,3,1,1,1,-1
2331,3,-1,1,1,-1
2332,-1,-1,-1,1,1
2333,4,-1,1,-1,1
2334,3,-1,-1,1,1
2335,1,-1,-1,1,1
2336,3,1,1,1,-1
2337,-1,-1,-1,1,1
2338,4,-1,1,1,1
2339,1,-1,-1,1,1
2340,4,1,1,1,-1
2341,-1,-1,-1,-1,1
2342,4,-1,-1,1,1
2343,1,-1,1,1,1
2344,1,1,1,1,-1
2345,1,-1,1,-1,1
2346,-1,-1,-1,1,1
2347,2,-1,1,1,-1
2348,-1,-1,-1,1,1
2349,4,-1,1,1,-1
2350,-1,-1,-1,1,1
2351,1,-1,1,1,1
2352,4,-1,1,1,1
2353,-1,-1,-1,1,1
2354,3,-1,1,1,-1
2355,4,-1,1,1,-1
2356,3,-1,1,1,1
2357,5,1,-1,-1,1
2358,-1,-1,-1,1,1
2359,3,-1,1,1,1
2360,-1,-1,-1,1,1
2361,3,1,1,1,-1
2362,1,-1,1,1,1
2363,-1,-1,1,1,1
2364,1,-1,-1,1,1
2365,4,-1,1,1,1
2366,4,-1,1,1,1
2367,4,-1,1,-1,1
2368,-1,-1,1,1,1
2369,4,-1,1,1,-1
2370,3,-1,-1,1,1
2371,-1,-1,-1,1,1
2372,4,-1,-1,1,1
2373,4,-1,-1,1,1
2374,4,-1,-1,1,1
2375,4,-1,1,-1,1
2376,1,-1,-1,-1,1
2377,3,-1,1,1,-1
2378,4,-1,1,1,1
2379,1,-1,1,1,1
2380,4,-1,1,1,-1
2381,0,-1,1,-1,1
2382,1,-1,-1,1,1
2383,1,-1,-1,1,1
2384,1,-1,1,-1,1
2385,1,-1,1,1,1
2386,2,-1,1,1,-1
2387,4,-1,-1,1,1
2388,4,1,1,-1,1
2389,4,-1,-1,1,1
2390,3,-1,1,1,-1
2391,3,-1,-1,-1,1
2392,-1,-1,-1,1,1
2393,-1,-1,1,1,1
2394,1,-1,-1,1,1
2395,1,-1,1,1,1
2396,2,1,1,1,-1
2397,3,-1,-1,1,1
2398,4,-1,1,1,1
2399,4,-1,1,1,-1
2400,4,-1,1,1,1
2401,-1,-1,1,1,1
2402,1,1,1,1,-1
2403,3,-1,-1,1,1
2404,3,-1,1,1,-1
2405,2,-1,1,1,-1
2406,4,-1,1,1,-1
2407,-1,-1,-1,1,1
2408,3,-1,-1,1,1
2409,4,-1,1,1,1
2410,3,1,1,1,-1
2411,1,-1,-1,1,1
2412,-1,-1,1,1,1
2413,3,-1,1,1,1
2414,4,1,1,1,-1
2415,3,-1,1,1,-1
2416,-1,-1,1,1,1
2417,-1,-1,1,1,1
2418,-1,-1,1,1,1
2419,-1,1,-1,-1,1
2420,1,-1,-1,1,1
2421,4,-1,-1,1,1
2422,3,-1,1,1,1
2423,4,1,1,1,-1
2424,2,-1,1,1,-1
2425,4,-1,1,1,-1
2426,3,1,1,1,-1
2427,3,-1,1,-1,1
2428,-1,-1,-1,1,1
2429,2,-1,1,1,-1
2430,1,-1,1,1,1
2431,3,-1,1,1,-1
2432,3,-1,-1,1,1
2433,-1,-1,-1,-1,1
2434,1,-1,-1,1,1
2435,3,-1,1,1,1
2436,4,-1,1,1,1
2437,-1,-1,-1,1,1
2438,4,-1,-1,1,1
2439,4,-1,1,1,1
2440,3,-1,1,1,1
2441,5,1,1,-1,1
2442,0,1,-1,-1,1
2443,5,1,1,-1,1
2444,4,-1,-1,1,1
2445,3,-1,1,1,1
2446,-1,-1,1,-1,1
2447,0,-1,-1,-1,1
2448,5,1,-1,-1,1
2449,2,1,1,1,-1
2450,4,1,1,1,-1
2451,3,-1,-1,1,1
2452,5,-1,1,-1,1
2453,-1,-1,-1,1,1
2454,-1,-1,-1,1,1
2455,4,-1,1,-1,1
2456,4,-1,1,1,-1
2457,4,-1,-1,1,1
2458,2,1,1,1,-1
2459,-1,-1,1,-1,1
2460,4,-1,-1,1,1
2461,-1,-1,1,-1,1
2462,-1,-1,-1,-1,1
2463,-1,-1,1,1,1
2464,-1,-1,1,1,1
2465,2,-1,1,1,-1
2466,-1,-1,1,1,1
2467,4,1,1,1,-1
2468,-1,-1,1,1,1
2469,4,-1,1,1,-1
2470,4,-1,1,1,1
2471,-1,-1,-1,-1,1
2472,4,-1,-1,1,1
2473,-1,-1,-1,-1,1
2474,3,-1,1,1,1
2475,0,-1,1,-1,1
2476,2,-1,1,1,-1
2477,-1,1,-1,1,1
2478,1,-1,-1,-1,1
2479,-1,-1,-1,1,1
2480,-1,-1,1,1,1
2481,-1,-1,-1,1,1
2482,4,-1,1,1,1
2483,5,1,-1,-1,1
2484,2,-1,1,1,-1
2485,4,-1,1,1,1
2486,1,-1,1,1,-1
2487,-1,-1,-1,1,1
2488,-1,-1,1,-1,1
2489,2,1,1,1,-1
2490,4,-1,-1,-1,1
2491,-1,-1,1,1,1
2492,-1,-1,1,-1,1
2493,1,-1,-1,1,1
2494,3,-1,1,1,1
2495,3,-1,-1,1,1
2496,-1,-1,1,1,1
2497,3,-1,1,1,1
2498,3,-1,-1,1,1
2499,3,-1,1,1,1
2500,3,-1,-1,1,1
2501,1,-1,1,-1,1
2502,-1,-1,-1,-1,1
2503,3,-1,1,-1,1
2504,-1,-1,1,1,1
2505,-1,-1,1,1,1
2506,1,-1,1,1,1
2507,1,-1,1,1,1
2508,4,-1,1,1,1
2509,1,-1,-1,1,1
2510,4,1,1,1,-1
2511,2,1,1,1,-1
2512,-1,-1,1,1,1
2513,1,-1,1,1,1
2514,5,-1,-1,-1,1
2515,1,-1,1,1,1
2516,3,1,1,1,-1
2517,-1,-1,-1,1,1
2518,3,-1,1,1,-1
2519,4,-1,1,1,-1
2520,3,-1,1,1,1
2521,4,-1,-1,1,1
2522,4,-1,1,1,-1
2523,-1,-1,-1,-1,1
2524,3,-1,-1,1,1
2525,3,-1,1,1,-1
2526,3,-1,1,1,1
2527,1,1,1,1,-1
2528,-1,-1,1,1,1
2529,3,-1,1,-1,1
2530,-1,1,1,1,1
2531,-1,-1,1,1,1
2532,3,-1,1,1,-1
2533,4,-1,1,1,1
2534,-1,-1,1,1,1
2535,3,1,1,1,-1
2536,-1,1,1,-1,1
2537,-1,-1,-1,1,1
2538,-1,-1,-1,1,1
2539,3,-1,-1,1,1
2540,-1,-1,1,1,1
2541,4,-1,1,1,1
2542,4,-1,1,1,1
